accession,hgvs_nt,hgvs_splice,hgvs_pro,score
urn:mavedb:00000039-a-7#1,NA,NA,p.Glu9Ter,-1.0
urn:mavedb:00000039-a-7#2,NA,NA,p.Glu9Tyr,0.02
urn:mavedb:00000039-a-7#3,NA,NA,p.Glu9Trp,0.02
urn:mavedb:00000039-a-7#4,NA,NA,p.Glu9Val,0.01
urn:mavedb:00000039-a-7#5,NA,NA,p.Glu9Thr,0.02
urn:mavedb:00000039-a-7#6,NA,NA,p.Glu9Ser,0.01
urn:mavedb:00000039-a-7#7,NA,NA,p.Glu9Arg,0.01
urn:mavedb:00000039-a-7#8,NA,NA,p.Glu9Gln,0.02
urn:mavedb:00000039-a-7#10,NA,NA,p.Glu9Asn,0.0
urn:mavedb:00000039-a-7#11,NA,NA,p.Glu9Met,0.02
urn:mavedb:00000039-a-7#99,NA,NA,p.Ser5His,-0.29
urn:mavedb:00000039-a-7#100,NA,NA,p.Ser5Gly,0.01
urn:mavedb:00000039-a-7#101,NA,NA,p.Ser5Phe,-1.0
urn:mavedb:00000039-a-7#102,NA,NA,p.Ser5Glu,-1.0
urn:mavedb:00000039-a-7#103,NA,NA,p.Ser5Asp,-0.34
urn:mavedb:00000039-a-7#104,NA,NA,p.Ser5Cys,-0.03
urn:mavedb:00000039-a-7#105,NA,NA,p.Ser5Ala,-0.04
urn:mavedb:00000039-a-7#106,NA,NA,p.Trp4Ter,-1.0
urn:mavedb:00000039-a-7#107,NA,NA,p.Trp4Tyr,-0.02
urn:mavedb:00000039-a-7#108,NA,NA,p.Trp4=,0.0
urn:mavedb:00000039-a-7#109,NA,NA,p.Trp4Val,-0.12
urn:mavedb:00000039-a-7#110,NA,NA,p.Trp4Thr,-0.19
urn:mavedb:00000039-a-7#111,NA,NA,p.Trp4Ser,-0.27
urn:mavedb:00000039-a-7#112,NA,NA,p.Trp4Arg,-0.3
urn:mavedb:00000039-a-7#113,NA,NA,p.Trp4Gln,-0.13
urn:mavedb:00000039-a-7#114,NA,NA,p.Trp4Pro,-0.13
urn:mavedb:00000039-a-7#115,NA,NA,p.Trp4Asn,-0.1
urn:mavedb:00000039-a-7#116,NA,NA,p.Trp4Met,-0.05
urn:mavedb:00000039-a-7#117,NA,NA,p.Trp4Leu,-0.08
urn:mavedb:00000039-a-7#118,NA,NA,p.Trp4Lys,-1.0
urn:mavedb:00000039-a-7#119,NA,NA,p.Trp4Ile,-0.14
urn:mavedb:00000039-a-7#120,NA,NA,p.Trp4His,-0.05
urn:mavedb:00000039-a-7#121,NA,NA,p.Trp4Gly,-1.0
urn:mavedb:00000039-a-7#122,NA,NA,p.Trp4Phe,0.01
urn:mavedb:00000039-a-7#123,NA,NA,p.Trp4Glu,-1.0
urn:mavedb:00000039-a-7#124,NA,NA,p.Trp4Asp,-1.0
urn:mavedb:00000039-a-7#125,NA,NA,p.Trp4Cys,-0.11
urn:mavedb:00000039-a-7#126,NA,NA,p.Trp4Ala,-0.15
urn:mavedb:00000039-a-7#127,NA,NA,p.Gly3Ter,-1.0
urn:mavedb:00000039-a-7#128,NA,NA,p.Gly3Tyr,0.01
urn:mavedb:00000039-a-7#129,NA,NA,p.Gly3Trp,-0.01
urn:mavedb:00000039-a-7#130,NA,NA,p.Gly3Val,-0.09
urn:mavedb:00000039-a-7#131,NA,NA,p.Gly3Thr,-0.03
urn:mavedb:00000039-a-7#132,NA,NA,p.Gly3Ser,0.0
urn:mavedb:00000039-a-7#133,NA,NA,p.Gly3Arg,-0.11
urn:mavedb:00000039-a-7#134,NA,NA,p.Gly3Gln,-0.03
urn:mavedb:00000039-a-7#135,NA,NA,p.Gly3Pro,-1.0
urn:mavedb:00000039-a-7#136,NA,NA,p.Gly3Asn,-0.04
urn:mavedb:00000039-a-7#137,NA,NA,p.Gly3Met,0.02
urn:mavedb:00000039-a-7#138,NA,NA,p.Gly3Leu,-0.12
urn:mavedb:00000039-a-7#139,NA,NA,p.Gly3Lys,-0.19
urn:mavedb:00000039-a-7#140,NA,NA,p.Gly3Ile,-1.0
urn:mavedb:00000039-a-7#141,NA,NA,p.Gly3His,-0.03
urn:mavedb:00000039-a-7#142,NA,NA,p.Gly3=,0.0
urn:mavedb:00000039-a-7#143,NA,NA,p.Gly3Phe,0.03
urn:mavedb:00000039-a-7#144,NA,NA,p.Gly3Glu,-0.19
urn:mavedb:00000039-a-7#145,NA,NA,p.Gly3Asp,-0.04
urn:mavedb:00000039-a-7#146,NA,NA,p.Gly3Cys,0.0
urn:mavedb:00000039-a-7#147,NA,NA,p.Gly3Ala,0.01
urn:mavedb:00000039-a-7#148,NA,NA,p.Phe2Ter,-1.0
urn:mavedb:00000039-a-7#149,NA,NA,p.Phe2Tyr,0.01
urn:mavedb:00000039-a-7#150,NA,NA,p.Phe2Trp,0.04
urn:mavedb:00000039-a-7#151,NA,NA,p.Phe2Val,-0.05
urn:mavedb:00000039-a-7#152,NA,NA,p.Phe2Thr,-0.05
urn:mavedb:00000039-a-7#153,NA,NA,p.Phe2Ser,-0.05
urn:mavedb:00000039-a-7#154,NA,NA,p.Phe2Arg,-0.1
urn:mavedb:00000039-a-7#155,NA,NA,p.Phe2Gln,-0.06
urn:mavedb:00000039-a-7#156,NA,NA,p.Phe2Pro,-0.28
urn:mavedb:00000039-a-7#157,NA,NA,p.Phe2Asn,-0.06
urn:mavedb:00000039-a-7#158,NA,NA,p.Phe2Met,-0.03
urn:mavedb:00000039-a-7#159,NA,NA,p.Phe2Leu,-0.01
urn:mavedb:00000039-a-7#160,NA,NA,p.Phe2Lys,-0.17
urn:mavedb:00000039-a-7#161,NA,NA,p.Phe2Ile,-0.06
urn:mavedb:00000039-a-7#162,NA,NA,p.Phe2His,-0.01
urn:mavedb:00000039-a-7#163,NA,NA,p.Phe2Gly,-0.03
urn:mavedb:00000039-a-7#164,NA,NA,p.Phe2=,0.01
urn:mavedb:00000039-a-7#165,NA,NA,p.Phe2Glu,-0.12
urn:mavedb:00000039-a-7#166,NA,NA,p.Phe2Asp,-0.16
urn:mavedb:00000039-a-7#167,NA,NA,p.Phe2Cys,-0.02
urn:mavedb:00000039-a-7#168,NA,NA,p.Phe2Ala,-0.03
urn:mavedb:00000039-a-7#169,NA,NA,p.Gln1Ter,-1.0
urn:mavedb:00000039-a-7#170,NA,NA,p.Gln1Val,0.03
urn:mavedb:00000039-a-7#171,NA,NA,p.Gln1Thr,0.03
urn:mavedb:00000039-a-7#172,NA,NA,p.Gln1Ser,0.01
urn:mavedb:00000039-a-7#173,NA,NA,p.Gln1Arg,-0.02
urn:mavedb:00000039-a-7#174,NA,NA,p.Gln1=,0.01
urn:mavedb:00000039-a-7#175,NA,NA,p.Gln1Pro,0.01
urn:mavedb:00000039-a-7#176,NA,NA,p.Gln1Asn,0.01
urn:mavedb:00000039-a-7#177,NA,NA,p.Gln1Met,0.03
urn:mavedb:00000039-a-7#178,NA,NA,p.Gln1Leu,-0.01
urn:mavedb:00000039-a-7#179,NA,NA,p.Gln1Lys,0.01
urn:mavedb:00000039-a-7#180,NA,NA,p.Gln1Ile,0.03
urn:mavedb:00000039-a-7#181,NA,NA,p.Gln1His,0.01
urn:mavedb:00000039-a-7#182,NA,NA,p.Gln1Gly,-0.05
urn:mavedb:00000039-a-7#183,NA,NA,p.Gln1Glu,0.0
urn:mavedb:00000039-a-7#184,NA,NA,p.Gln1Ala,0.03
urn:mavedb:00000039-a-7#13,NA,NA,p.Glu9Lys,-0.02
urn:mavedb:00000039-a-7#14,NA,NA,p.Glu9Ile,0.01
urn:mavedb:00000039-a-7#15,NA,NA,p.Glu9His,0.02
urn:mavedb:00000039-a-7#16,NA,NA,p.Glu9Gly,-0.02
urn:mavedb:00000039-a-7#17,NA,NA,p.Glu9Phe,0.02
urn:mavedb:00000039-a-7#18,NA,NA,p.Glu9=,0.01
urn:mavedb:00000039-a-7#19,NA,NA,p.Glu9Asp,0.01
urn:mavedb:00000039-a-7#20,NA,NA,p.Glu9Cys,0.01
urn:mavedb:00000039-a-7#21,NA,NA,p.Glu9Ala,0.01
urn:mavedb:00000039-a-7#22,NA,NA,p.Met8Ter,-1.0
urn:mavedb:00000039-a-7#23,NA,NA,p.Met8Tyr,0.0
urn:mavedb:00000039-a-7#24,NA,NA,p.Met8Trp,0.0
urn:mavedb:00000039-a-7#25,NA,NA,p.Met8Val,0.01
urn:mavedb:00000039-a-7#9,NA,NA,p.Glu9Pro,-1.0
urn:mavedb:00000039-a-7#26,NA,NA,p.Met8Thr,0.01
urn:mavedb:00000039-a-7#27,NA,NA,p.Met8Ser,0.0
urn:mavedb:00000039-a-7#28,NA,NA,p.Met8Arg,-0.04
urn:mavedb:00000039-a-7#29,NA,NA,p.Met8Gln,-0.07
urn:mavedb:00000039-a-7#30,NA,NA,p.Met8Pro,-1.0
urn:mavedb:00000039-a-7#31,NA,NA,p.Met8Asn,-0.04
urn:mavedb:00000039-a-7#12,NA,NA,p.Glu9Leu,0.01
urn:mavedb:00000039-a-7#32,NA,NA,p.Met8=,0.0
urn:mavedb:00000039-a-7#33,NA,NA,p.Met8Leu,0.01
urn:mavedb:00000039-a-7#34,NA,NA,p.Met8Lys,-0.08
urn:mavedb:00000039-a-7#35,NA,NA,p.Met8Ile,0.0
urn:mavedb:00000039-a-7#36,NA,NA,p.Met8His,-0.02
urn:mavedb:00000039-a-7#37,NA,NA,p.Met8Gly,-0.1
urn:mavedb:00000039-a-7#38,NA,NA,p.Met8Phe,0.0
urn:mavedb:00000039-a-7#39,NA,NA,p.Met8Glu,0.02
urn:mavedb:00000039-a-7#40,NA,NA,p.Met8Asp,-0.26
urn:mavedb:00000039-a-7#41,NA,NA,p.Met8Cys,0.01
urn:mavedb:00000039-a-7#42,NA,NA,p.Met8Ala,-0.01
urn:mavedb:00000039-a-7#43,NA,NA,p.Asn7Ter,-1.0
urn:mavedb:00000039-a-7#44,NA,NA,p.Asn7Tyr,0.0
urn:mavedb:00000039-a-7#45,NA,NA,p.Asn7Trp,-0.02
urn:mavedb:00000039-a-7#46,NA,NA,p.Asn7Val,-0.07
urn:mavedb:00000039-a-7#47,NA,NA,p.Asn7Thr,0.02
urn:mavedb:00000039-a-7#48,NA,NA,p.Asn7Ser,0.02
urn:mavedb:00000039-a-7#49,NA,NA,p.Asn7Arg,-0.01
urn:mavedb:00000039-a-7#50,NA,NA,p.Asn7Gln,0.02
urn:mavedb:00000039-a-7#51,NA,NA,p.Asn7Pro,-0.19
urn:mavedb:00000039-a-7#52,NA,NA,p.Asn7=,-0.03
urn:mavedb:00000039-a-7#53,NA,NA,p.Asn7Met,0.0
urn:mavedb:00000039-a-7#54,NA,NA,p.Asn7Leu,-0.12
urn:mavedb:00000039-a-7#55,NA,NA,p.Asn7Lys,-0.09
urn:mavedb:00000039-a-7#56,NA,NA,p.Asn7Ile,-0.14
urn:mavedb:00000039-a-7#57,NA,NA,p.Asn7His,0.03
urn:mavedb:00000039-a-7#58,NA,NA,p.Asn7Gly,0.01
urn:mavedb:00000039-a-7#59,NA,NA,p.Asn7Phe,0.0
urn:mavedb:00000039-a-7#60,NA,NA,p.Asn7Glu,-0.18
urn:mavedb:00000039-a-7#61,NA,NA,p.Asn7Asp,-0.12
urn:mavedb:00000039-a-7#62,NA,NA,p.Asn7Cys,0.0
urn:mavedb:00000039-a-7#63,NA,NA,p.Asn7Ala,-0.01
urn:mavedb:00000039-a-7#64,NA,NA,p.Ala6Ter,-1.0
urn:mavedb:00000039-a-7#65,NA,NA,p.Ala6Tyr,-0.11
urn:mavedb:00000039-a-7#66,NA,NA,p.Ala6Trp,-0.17
urn:mavedb:00000039-a-7#67,NA,NA,p.Ala6Val,-0.01
urn:mavedb:00000039-a-7#68,NA,NA,p.Ala6Thr,-0.06
urn:mavedb:00000039-a-7#69,NA,NA,p.Ala6Ser,0.01
urn:mavedb:00000039-a-7#70,NA,NA,p.Ala6Arg,-0.02
urn:mavedb:00000039-a-7#71,NA,NA,p.Ala6Gln,-0.01
urn:mavedb:00000039-a-7#72,NA,NA,p.Ala6Pro,0.01
urn:mavedb:00000039-a-7#73,NA,NA,p.Ala6Asn,-0.05
urn:mavedb:00000039-a-7#74,NA,NA,p.Ala6Met,-0.12
urn:mavedb:00000039-a-7#75,NA,NA,p.Ala6Leu,-0.29
urn:mavedb:00000039-a-7#76,NA,NA,p.Ala6Lys,-0.26
urn:mavedb:00000039-a-7#77,NA,NA,p.Ala6Ile,-0.11
urn:mavedb:00000039-a-7#78,NA,NA,p.Ala6His,0.0
urn:mavedb:00000039-a-7#79,NA,NA,p.Ala6Gly,0.0
urn:mavedb:00000039-a-7#80,NA,NA,p.Ala6Phe,-0.21
urn:mavedb:00000039-a-7#81,NA,NA,p.Ala6Glu,-1.0
urn:mavedb:00000039-a-7#82,NA,NA,p.Ala6Asp,-1.0
urn:mavedb:00000039-a-7#83,NA,NA,p.Ala6Cys,0.01
urn:mavedb:00000039-a-7#84,NA,NA,p.Ala6=,0.01
urn:mavedb:00000039-a-7#85,NA,NA,p.Ser5Ter,-1.0
urn:mavedb:00000039-a-7#86,NA,NA,p.Ser5Tyr,-1.0
urn:mavedb:00000039-a-7#87,NA,NA,p.Ser5Trp,-1.0
urn:mavedb:00000039-a-7#88,NA,NA,p.Ser5Val,-1.0
urn:mavedb:00000039-a-7#89,NA,NA,p.Ser5Thr,0.01
urn:mavedb:00000039-a-7#90,NA,NA,p.Ser5=,0.01
urn:mavedb:00000039-a-7#91,NA,NA,p.Ser5Arg,-1.0
urn:mavedb:00000039-a-7#92,NA,NA,p.Ser5Gln,-1.0
urn:mavedb:00000039-a-7#93,NA,NA,p.Ser5Pro,-0.15
urn:mavedb:00000039-a-7#94,NA,NA,p.Ser5Asn,0.01
urn:mavedb:00000039-a-7#95,NA,NA,p.Ser5Met,-1.0
urn:mavedb:00000039-a-7#96,NA,NA,p.Ser5Leu,-1.0
urn:mavedb:00000039-a-7#97,NA,NA,p.Ser5Lys,-0.31
urn:mavedb:00000039-a-7#98,NA,NA,p.Ser5Ile,-1.0
