feature,type,feature_name
aa1,Physicochemical feature,WT amino scid
aa2,Physicochemical feature,MT amino scid
wt_mut,Physicochemical feature,Amino acid change
aa1_polarity,Physicochemical feature,WT Polarity
aa2_polarity,Physicochemical feature,MT Polarity
aa1_PI,Physicochemical feature,WT pI
aa2_PI,Physicochemical feature,MT pI
deltaPI,Physicochemical feature,pI change
Grantham,Physicochemical feature,Grantham
aa1_weight,Physicochemical feature,WT weight
aa2_weight,Physicochemical feature,MT weight
deltaWeight,Physicochemical feature,Weight change
aa1vol,Physicochemical feature,WT Volume
aa2vol,Physicochemical feature,MT Volume
deltavolume,Physicochemical feature,Volume change
aa1_psic,Evolutionary feature,WT likelihood
aa2_psic,Evolutionary feature,MT likelihood
delta_psic,Evolutionary feature,Likelihood change
accessibility,Structural feature,Solvent accessibility
dssp_sec_str,Structural feature,Secondary structure
phi_psi_reg,Structural feature,Phi-psi angle region
delta_solvent_accessibility,Structural feature,Accessibility change
b_factor,Structural feature,B factor
mut_msa_congruency,Evolutionary feature,MSA substitution score
seq_ind_closest_mut,Evolutionary feature,Homolog with MT
mut_mut_msa_congruency,Evolutionary feature,MT MSA substitution
evolutionary_coupling_avg,Evolutionary feature,Evolutionary coupling
AS_score,Alanine scanning data,Alanine scanning score
Ascan_score_avail,Alanine scanning score,If alanine scanning data is available
aa1_A,Physicochemical feature,WT amino scid is A
aa1_C,Physicochemical feature,WT amino scid is C
aa1_D,Physicochemical feature,WT amino scid is D
aa1_E,Physicochemical feature,WT amino scid is E
aa1_F,Physicochemical feature,WT amino scid is F
aa1_G,Physicochemical feature,WT amino scid is G
aa1_H,Physicochemical feature,WT amino scid is H
aa1_I,Physicochemical feature,WT amino scid is I
aa1_K,Physicochemical feature,WT amino scid is K
aa1_L,Physicochemical feature,WT amino scid is L
aa1_M,Physicochemical feature,WT amino scid is M
aa1_N,Physicochemical feature,WT amino scid is N
aa1_P,Physicochemical feature,WT amino scid is P
aa1_Q,Physicochemical feature,WT amino scid is Q
aa1_R,Physicochemical feature,WT amino scid is R
aa1_S,Physicochemical feature,WT amino scid is S
aa1_T,Physicochemical feature,WT amino scid is T
aa1_V,Physicochemical feature,WT amino scid is V
aa1_W,Physicochemical feature,WT amino scid is W
aa1_Y,Physicochemical feature,WT amino scid is Y
aa2_A,Physicochemical feature,MT amino scid is A
aa2_C,Physicochemical feature,MT amino scid is C
aa2_D,Physicochemical feature,MT amino scid is D
aa2_E,Physicochemical feature,MT amino scid is E
aa2_F,Physicochemical feature,MT amino scid is F
aa2_G,Physicochemical feature,MT amino scid is G
aa2_H,Physicochemical feature,MT amino scid is H
aa2_I,Physicochemical feature,MT amino scid is I
aa2_K,Physicochemical feature,MT amino scid is K
aa2_L,Physicochemical feature,MT amino scid is L
aa2_M,Physicochemical feature,MT amino scid is M
aa2_N,Physicochemical feature,MT amino scid is N
aa2_P,Physicochemical feature,MT amino scid is P
aa2_Q,Physicochemical feature,MT amino scid is Q
aa2_R,Physicochemical feature,MT amino scid is R
aa2_S,Physicochemical feature,MT amino scid is S
aa2_T,Physicochemical feature,MT amino scid is T
aa2_V,Physicochemical feature,MT amino scid is V
aa2_W,Physicochemical feature,MT amino scid is W
aa2_Y,Physicochemical feature,MT amino scid is Y
wt_mut_AC,Physicochemical feature,Amino acid change is AC
wt_mut_AD,Physicochemical feature,Amino acid change is AD
wt_mut_AE,Physicochemical feature,Amino acid change is AE
wt_mut_AF,Physicochemical feature,Amino acid change is AF
wt_mut_AG,Physicochemical feature,Amino acid change is AG
wt_mut_AH,Physicochemical feature,Amino acid change is AH
wt_mut_AI,Physicochemical feature,Amino acid change is AI
wt_mut_AK,Physicochemical feature,Amino acid change is AK
wt_mut_AL,Physicochemical feature,Amino acid change is AL
wt_mut_AM,Physicochemical feature,Amino acid change is AM
wt_mut_AN,Physicochemical feature,Amino acid change is AN
wt_mut_AP,Physicochemical feature,Amino acid change is AP
wt_mut_AQ,Physicochemical feature,Amino acid change is AQ
wt_mut_AR,Physicochemical feature,Amino acid change is AR
wt_mut_AS,Physicochemical feature,Amino acid change is AS
wt_mut_AT,Physicochemical feature,Amino acid change is AT
wt_mut_AV,Physicochemical feature,Amino acid change is AV
wt_mut_AW,Physicochemical feature,Amino acid change is AW
wt_mut_AY,Physicochemical feature,Amino acid change is AY
wt_mut_CA,Physicochemical feature,Amino acid change is CA
wt_mut_CD,Physicochemical feature,Amino acid change is CD
wt_mut_CE,Physicochemical feature,Amino acid change is CE
wt_mut_CF,Physicochemical feature,Amino acid change is CF
wt_mut_CG,Physicochemical feature,Amino acid change is CG
wt_mut_CH,Physicochemical feature,Amino acid change is CH
wt_mut_CI,Physicochemical feature,Amino acid change is CI
wt_mut_CK,Physicochemical feature,Amino acid change is CK
wt_mut_CL,Physicochemical feature,Amino acid change is CL
wt_mut_CM,Physicochemical feature,Amino acid change is CM
wt_mut_CN,Physicochemical feature,Amino acid change is CN
wt_mut_CP,Physicochemical feature,Amino acid change is CP
wt_mut_CQ,Physicochemical feature,Amino acid change is CQ
wt_mut_CR,Physicochemical feature,Amino acid change is CR
wt_mut_CS,Physicochemical feature,Amino acid change is CS
wt_mut_CT,Physicochemical feature,Amino acid change is CT
wt_mut_CV,Physicochemical feature,Amino acid change is CV
wt_mut_CW,Physicochemical feature,Amino acid change is CW
wt_mut_CY,Physicochemical feature,Amino acid change is CY
wt_mut_DA,Physicochemical feature,Amino acid change is DA
wt_mut_DC,Physicochemical feature,Amino acid change is DC
wt_mut_DE,Physicochemical feature,Amino acid change is DE
wt_mut_DF,Physicochemical feature,Amino acid change is DF
wt_mut_DG,Physicochemical feature,Amino acid change is DG
wt_mut_DH,Physicochemical feature,Amino acid change is DH
wt_mut_DI,Physicochemical feature,Amino acid change is DI
wt_mut_DK,Physicochemical feature,Amino acid change is DK
wt_mut_DL,Physicochemical feature,Amino acid change is DL
wt_mut_DM,Physicochemical feature,Amino acid change is DM
wt_mut_DN,Physicochemical feature,Amino acid change is DN
wt_mut_DP,Physicochemical feature,Amino acid change is DP
wt_mut_DQ,Physicochemical feature,Amino acid change is DQ
wt_mut_DR,Physicochemical feature,Amino acid change is DR
wt_mut_DS,Physicochemical feature,Amino acid change is DS
wt_mut_DT,Physicochemical feature,Amino acid change is DT
wt_mut_DV,Physicochemical feature,Amino acid change is DV
wt_mut_DW,Physicochemical feature,Amino acid change is DW
wt_mut_DY,Physicochemical feature,Amino acid change is DY
wt_mut_EA,Physicochemical feature,Amino acid change is EA
wt_mut_EC,Physicochemical feature,Amino acid change is EC
wt_mut_ED,Physicochemical feature,Amino acid change is ED
wt_mut_EF,Physicochemical feature,Amino acid change is EF
wt_mut_EG,Physicochemical feature,Amino acid change is EG
wt_mut_EH,Physicochemical feature,Amino acid change is EH
wt_mut_EI,Physicochemical feature,Amino acid change is EI
wt_mut_EK,Physicochemical feature,Amino acid change is EK
wt_mut_EL,Physicochemical feature,Amino acid change is EL
wt_mut_EM,Physicochemical feature,Amino acid change is EM
wt_mut_EN,Physicochemical feature,Amino acid change is EN
wt_mut_EP,Physicochemical feature,Amino acid change is EP
wt_mut_EQ,Physicochemical feature,Amino acid change is EQ
wt_mut_ER,Physicochemical feature,Amino acid change is ER
wt_mut_ES,Physicochemical feature,Amino acid change is ES
wt_mut_ET,Physicochemical feature,Amino acid change is ET
wt_mut_EV,Physicochemical feature,Amino acid change is EV
wt_mut_EW,Physicochemical feature,Amino acid change is EW
wt_mut_EY,Physicochemical feature,Amino acid change is EY
wt_mut_FA,Physicochemical feature,Amino acid change is FA
wt_mut_FC,Physicochemical feature,Amino acid change is FC
wt_mut_FD,Physicochemical feature,Amino acid change is FD
wt_mut_FE,Physicochemical feature,Amino acid change is FE
wt_mut_FG,Physicochemical feature,Amino acid change is FG
wt_mut_FH,Physicochemical feature,Amino acid change is FH
wt_mut_FI,Physicochemical feature,Amino acid change is FI
wt_mut_FK,Physicochemical feature,Amino acid change is FK
wt_mut_FL,Physicochemical feature,Amino acid change is FL
wt_mut_FM,Physicochemical feature,Amino acid change is FM
wt_mut_FN,Physicochemical feature,Amino acid change is FN
wt_mut_FP,Physicochemical feature,Amino acid change is FP
wt_mut_FQ,Physicochemical feature,Amino acid change is FQ
wt_mut_FR,Physicochemical feature,Amino acid change is FR
wt_mut_FS,Physicochemical feature,Amino acid change is FS
wt_mut_FT,Physicochemical feature,Amino acid change is FT
wt_mut_FV,Physicochemical feature,Amino acid change is FV
wt_mut_FW,Physicochemical feature,Amino acid change is FW
wt_mut_FY,Physicochemical feature,Amino acid change is FY
wt_mut_GA,Physicochemical feature,Amino acid change is GA
wt_mut_GC,Physicochemical feature,Amino acid change is GC
wt_mut_GD,Physicochemical feature,Amino acid change is GD
wt_mut_GE,Physicochemical feature,Amino acid change is GE
wt_mut_GF,Physicochemical feature,Amino acid change is GF
wt_mut_GH,Physicochemical feature,Amino acid change is GH
wt_mut_GI,Physicochemical feature,Amino acid change is GI
wt_mut_GK,Physicochemical feature,Amino acid change is GK
wt_mut_GL,Physicochemical feature,Amino acid change is GL
wt_mut_GM,Physicochemical feature,Amino acid change is GM
wt_mut_GN,Physicochemical feature,Amino acid change is GN
wt_mut_GP,Physicochemical feature,Amino acid change is GP
wt_mut_GQ,Physicochemical feature,Amino acid change is GQ
wt_mut_GR,Physicochemical feature,Amino acid change is GR
wt_mut_GS,Physicochemical feature,Amino acid change is GS
wt_mut_GT,Physicochemical feature,Amino acid change is GT
wt_mut_GV,Physicochemical feature,Amino acid change is GV
wt_mut_GW,Physicochemical feature,Amino acid change is GW
wt_mut_GY,Physicochemical feature,Amino acid change is GY
wt_mut_HA,Physicochemical feature,Amino acid change is HA
wt_mut_HC,Physicochemical feature,Amino acid change is HC
wt_mut_HD,Physicochemical feature,Amino acid change is HD
wt_mut_HE,Physicochemical feature,Amino acid change is HE
wt_mut_HF,Physicochemical feature,Amino acid change is HF
wt_mut_HG,Physicochemical feature,Amino acid change is HG
wt_mut_HI,Physicochemical feature,Amino acid change is HI
wt_mut_HK,Physicochemical feature,Amino acid change is HK
wt_mut_HL,Physicochemical feature,Amino acid change is HL
wt_mut_HM,Physicochemical feature,Amino acid change is HM
wt_mut_HN,Physicochemical feature,Amino acid change is HN
wt_mut_HP,Physicochemical feature,Amino acid change is HP
wt_mut_HQ,Physicochemical feature,Amino acid change is HQ
wt_mut_HR,Physicochemical feature,Amino acid change is HR
wt_mut_HS,Physicochemical feature,Amino acid change is HS
wt_mut_HT,Physicochemical feature,Amino acid change is HT
wt_mut_HV,Physicochemical feature,Amino acid change is HV
wt_mut_HW,Physicochemical feature,Amino acid change is HW
wt_mut_HY,Physicochemical feature,Amino acid change is HY
wt_mut_IA,Physicochemical feature,Amino acid change is IA
wt_mut_IC,Physicochemical feature,Amino acid change is IC
wt_mut_ID,Physicochemical feature,Amino acid change is ID
wt_mut_IE,Physicochemical feature,Amino acid change is IE
wt_mut_IF,Physicochemical feature,Amino acid change is IF
wt_mut_IG,Physicochemical feature,Amino acid change is IG
wt_mut_IH,Physicochemical feature,Amino acid change is IH
wt_mut_IK,Physicochemical feature,Amino acid change is IK
wt_mut_IL,Physicochemical feature,Amino acid change is IL
wt_mut_IM,Physicochemical feature,Amino acid change is IM
wt_mut_IN,Physicochemical feature,Amino acid change is IN
wt_mut_IP,Physicochemical feature,Amino acid change is IP
wt_mut_IQ,Physicochemical feature,Amino acid change is IQ
wt_mut_IR,Physicochemical feature,Amino acid change is IR
wt_mut_IS,Physicochemical feature,Amino acid change is IS
wt_mut_IT,Physicochemical feature,Amino acid change is IT
wt_mut_IV,Physicochemical feature,Amino acid change is IV
wt_mut_IW,Physicochemical feature,Amino acid change is IW
wt_mut_IY,Physicochemical feature,Amino acid change is IY
wt_mut_KA,Physicochemical feature,Amino acid change is KA
wt_mut_KC,Physicochemical feature,Amino acid change is KC
wt_mut_KD,Physicochemical feature,Amino acid change is KD
wt_mut_KE,Physicochemical feature,Amino acid change is KE
wt_mut_KF,Physicochemical feature,Amino acid change is KF
wt_mut_KG,Physicochemical feature,Amino acid change is KG
wt_mut_KH,Physicochemical feature,Amino acid change is KH
wt_mut_KI,Physicochemical feature,Amino acid change is KI
wt_mut_KL,Physicochemical feature,Amino acid change is KL
wt_mut_KM,Physicochemical feature,Amino acid change is KM
wt_mut_KN,Physicochemical feature,Amino acid change is KN
wt_mut_KP,Physicochemical feature,Amino acid change is KP
wt_mut_KQ,Physicochemical feature,Amino acid change is KQ
wt_mut_KR,Physicochemical feature,Amino acid change is KR
wt_mut_KS,Physicochemical feature,Amino acid change is KS
wt_mut_KT,Physicochemical feature,Amino acid change is KT
wt_mut_KV,Physicochemical feature,Amino acid change is KV
wt_mut_KW,Physicochemical feature,Amino acid change is KW
wt_mut_KY,Physicochemical feature,Amino acid change is KY
wt_mut_LA,Physicochemical feature,Amino acid change is LA
wt_mut_LC,Physicochemical feature,Amino acid change is LC
wt_mut_LD,Physicochemical feature,Amino acid change is LD
wt_mut_LE,Physicochemical feature,Amino acid change is LE
wt_mut_LF,Physicochemical feature,Amino acid change is LF
wt_mut_LG,Physicochemical feature,Amino acid change is LG
wt_mut_LH,Physicochemical feature,Amino acid change is LH
wt_mut_LI,Physicochemical feature,Amino acid change is LI
wt_mut_LK,Physicochemical feature,Amino acid change is LK
wt_mut_LM,Physicochemical feature,Amino acid change is LM
wt_mut_LN,Physicochemical feature,Amino acid change is LN
wt_mut_LP,Physicochemical feature,Amino acid change is LP
wt_mut_LQ,Physicochemical feature,Amino acid change is LQ
wt_mut_LR,Physicochemical feature,Amino acid change is LR
wt_mut_LS,Physicochemical feature,Amino acid change is LS
wt_mut_LT,Physicochemical feature,Amino acid change is LT
wt_mut_LV,Physicochemical feature,Amino acid change is LV
wt_mut_LW,Physicochemical feature,Amino acid change is LW
wt_mut_LY,Physicochemical feature,Amino acid change is LY
wt_mut_MA,Physicochemical feature,Amino acid change is MA
wt_mut_MC,Physicochemical feature,Amino acid change is MC
wt_mut_MD,Physicochemical feature,Amino acid change is MD
wt_mut_ME,Physicochemical feature,Amino acid change is ME
wt_mut_MF,Physicochemical feature,Amino acid change is MF
wt_mut_MG,Physicochemical feature,Amino acid change is MG
wt_mut_MH,Physicochemical feature,Amino acid change is MH
wt_mut_MI,Physicochemical feature,Amino acid change is MI
wt_mut_MK,Physicochemical feature,Amino acid change is MK
wt_mut_ML,Physicochemical feature,Amino acid change is ML
wt_mut_MN,Physicochemical feature,Amino acid change is MN
wt_mut_MP,Physicochemical feature,Amino acid change is MP
wt_mut_MQ,Physicochemical feature,Amino acid change is MQ
wt_mut_MR,Physicochemical feature,Amino acid change is MR
wt_mut_MS,Physicochemical feature,Amino acid change is MS
wt_mut_MT,Physicochemical feature,Amino acid change is MT
wt_mut_MV,Physicochemical feature,Amino acid change is MV
wt_mut_MW,Physicochemical feature,Amino acid change is MW
wt_mut_MY,Physicochemical feature,Amino acid change is MY
wt_mut_NA,Physicochemical feature,Amino acid change is NA
wt_mut_NC,Physicochemical feature,Amino acid change is NC
wt_mut_ND,Physicochemical feature,Amino acid change is ND
wt_mut_NE,Physicochemical feature,Amino acid change is NE
wt_mut_NF,Physicochemical feature,Amino acid change is NF
wt_mut_NG,Physicochemical feature,Amino acid change is NG
wt_mut_NH,Physicochemical feature,Amino acid change is NH
wt_mut_NI,Physicochemical feature,Amino acid change is NI
wt_mut_NK,Physicochemical feature,Amino acid change is NK
wt_mut_NL,Physicochemical feature,Amino acid change is NL
wt_mut_NM,Physicochemical feature,Amino acid change is NM
wt_mut_NP,Physicochemical feature,Amino acid change is NP
wt_mut_NQ,Physicochemical feature,Amino acid change is NQ
wt_mut_NR,Physicochemical feature,Amino acid change is NR
wt_mut_NS,Physicochemical feature,Amino acid change is NS
wt_mut_NT,Physicochemical feature,Amino acid change is NT
wt_mut_NV,Physicochemical feature,Amino acid change is NV
wt_mut_NW,Physicochemical feature,Amino acid change is NW
wt_mut_NY,Physicochemical feature,Amino acid change is NY
wt_mut_PA,Physicochemical feature,Amino acid change is PA
wt_mut_PC,Physicochemical feature,Amino acid change is PC
wt_mut_PD,Physicochemical feature,Amino acid change is PD
wt_mut_PE,Physicochemical feature,Amino acid change is PE
wt_mut_PF,Physicochemical feature,Amino acid change is PF
wt_mut_PG,Physicochemical feature,Amino acid change is PG
wt_mut_PH,Physicochemical feature,Amino acid change is PH
wt_mut_PI,Physicochemical feature,Amino acid change is PI
wt_mut_PK,Physicochemical feature,Amino acid change is PK
wt_mut_PL,Physicochemical feature,Amino acid change is PL
wt_mut_PM,Physicochemical feature,Amino acid change is PM
wt_mut_PN,Physicochemical feature,Amino acid change is PN
wt_mut_PQ,Physicochemical feature,Amino acid change is PQ
wt_mut_PR,Physicochemical feature,Amino acid change is PR
wt_mut_PS,Physicochemical feature,Amino acid change is PS
wt_mut_PT,Physicochemical feature,Amino acid change is PT
wt_mut_PV,Physicochemical feature,Amino acid change is PV
wt_mut_PW,Physicochemical feature,Amino acid change is PW
wt_mut_PY,Physicochemical feature,Amino acid change is PY
wt_mut_QA,Physicochemical feature,Amino acid change is QA
wt_mut_QC,Physicochemical feature,Amino acid change is QC
wt_mut_QD,Physicochemical feature,Amino acid change is QD
wt_mut_QE,Physicochemical feature,Amino acid change is QE
wt_mut_QF,Physicochemical feature,Amino acid change is QF
wt_mut_QG,Physicochemical feature,Amino acid change is QG
wt_mut_QH,Physicochemical feature,Amino acid change is QH
wt_mut_QI,Physicochemical feature,Amino acid change is QI
wt_mut_QK,Physicochemical feature,Amino acid change is QK
wt_mut_QL,Physicochemical feature,Amino acid change is QL
wt_mut_QM,Physicochemical feature,Amino acid change is QM
wt_mut_QN,Physicochemical feature,Amino acid change is QN
wt_mut_QP,Physicochemical feature,Amino acid change is QP
wt_mut_QR,Physicochemical feature,Amino acid change is QR
wt_mut_QS,Physicochemical feature,Amino acid change is QS
wt_mut_QT,Physicochemical feature,Amino acid change is QT
wt_mut_QV,Physicochemical feature,Amino acid change is QV
wt_mut_QW,Physicochemical feature,Amino acid change is QW
wt_mut_QY,Physicochemical feature,Amino acid change is QY
wt_mut_RA,Physicochemical feature,Amino acid change is RA
wt_mut_RC,Physicochemical feature,Amino acid change is RC
wt_mut_RD,Physicochemical feature,Amino acid change is RD
wt_mut_RE,Physicochemical feature,Amino acid change is RE
wt_mut_RF,Physicochemical feature,Amino acid change is RF
wt_mut_RG,Physicochemical feature,Amino acid change is RG
wt_mut_RH,Physicochemical feature,Amino acid change is RH
wt_mut_RI,Physicochemical feature,Amino acid change is RI
wt_mut_RK,Physicochemical feature,Amino acid change is RK
wt_mut_RL,Physicochemical feature,Amino acid change is RL
wt_mut_RM,Physicochemical feature,Amino acid change is RM
wt_mut_RN,Physicochemical feature,Amino acid change is RN
wt_mut_RP,Physicochemical feature,Amino acid change is RP
wt_mut_RQ,Physicochemical feature,Amino acid change is RQ
wt_mut_RS,Physicochemical feature,Amino acid change is RS
wt_mut_RT,Physicochemical feature,Amino acid change is RT
wt_mut_RV,Physicochemical feature,Amino acid change is RV
wt_mut_RW,Physicochemical feature,Amino acid change is RW
wt_mut_RY,Physicochemical feature,Amino acid change is RY
wt_mut_SA,Physicochemical feature,Amino acid change is SA
wt_mut_SC,Physicochemical feature,Amino acid change is SC
wt_mut_SD,Physicochemical feature,Amino acid change is SD
wt_mut_SE,Physicochemical feature,Amino acid change is SE
wt_mut_SF,Physicochemical feature,Amino acid change is SF
wt_mut_SG,Physicochemical feature,Amino acid change is SG
wt_mut_SH,Physicochemical feature,Amino acid change is SH
wt_mut_SI,Physicochemical feature,Amino acid change is SI
wt_mut_SK,Physicochemical feature,Amino acid change is SK
wt_mut_SL,Physicochemical feature,Amino acid change is SL
wt_mut_SM,Physicochemical feature,Amino acid change is SM
wt_mut_SN,Physicochemical feature,Amino acid change is SN
wt_mut_SP,Physicochemical feature,Amino acid change is SP
wt_mut_SQ,Physicochemical feature,Amino acid change is SQ
wt_mut_SR,Physicochemical feature,Amino acid change is SR
wt_mut_ST,Physicochemical feature,Amino acid change is ST
wt_mut_SV,Physicochemical feature,Amino acid change is SV
wt_mut_SW,Physicochemical feature,Amino acid change is SW
wt_mut_SY,Physicochemical feature,Amino acid change is SY
wt_mut_TA,Physicochemical feature,Amino acid change is TA
wt_mut_TC,Physicochemical feature,Amino acid change is TC
wt_mut_TD,Physicochemical feature,Amino acid change is TD
wt_mut_TE,Physicochemical feature,Amino acid change is TE
wt_mut_TF,Physicochemical feature,Amino acid change is TF
wt_mut_TG,Physicochemical feature,Amino acid change is TG
wt_mut_TH,Physicochemical feature,Amino acid change is TH
wt_mut_TI,Physicochemical feature,Amino acid change is TI
wt_mut_TK,Physicochemical feature,Amino acid change is TK
wt_mut_TL,Physicochemical feature,Amino acid change is TL
wt_mut_TM,Physicochemical feature,Amino acid change is TM
wt_mut_TN,Physicochemical feature,Amino acid change is TN
wt_mut_TP,Physicochemical feature,Amino acid change is TP
wt_mut_TQ,Physicochemical feature,Amino acid change is TQ
wt_mut_TR,Physicochemical feature,Amino acid change is TR
wt_mut_TS,Physicochemical feature,Amino acid change is TS
wt_mut_TV,Physicochemical feature,Amino acid change is TV
wt_mut_TW,Physicochemical feature,Amino acid change is TW
wt_mut_TY,Physicochemical feature,Amino acid change is TY
wt_mut_VA,Physicochemical feature,Amino acid change is VA
wt_mut_VC,Physicochemical feature,Amino acid change is VC
wt_mut_VD,Physicochemical feature,Amino acid change is VD
wt_mut_VE,Physicochemical feature,Amino acid change is VE
wt_mut_VF,Physicochemical feature,Amino acid change is VF
wt_mut_VG,Physicochemical feature,Amino acid change is VG
wt_mut_VH,Physicochemical feature,Amino acid change is VH
wt_mut_VI,Physicochemical feature,Amino acid change is VI
wt_mut_VK,Physicochemical feature,Amino acid change is VK
wt_mut_VL,Physicochemical feature,Amino acid change is VL
wt_mut_VM,Physicochemical feature,Amino acid change is VM
wt_mut_VN,Physicochemical feature,Amino acid change is VN
wt_mut_VP,Physicochemical feature,Amino acid change is VP
wt_mut_VQ,Physicochemical feature,Amino acid change is VQ
wt_mut_VR,Physicochemical feature,Amino acid change is VR
wt_mut_VS,Physicochemical feature,Amino acid change is VS
wt_mut_VT,Physicochemical feature,Amino acid change is VT
wt_mut_VW,Physicochemical feature,Amino acid change is VW
wt_mut_VY,Physicochemical feature,Amino acid change is VY
wt_mut_WA,Physicochemical feature,Amino acid change is WA
wt_mut_WC,Physicochemical feature,Amino acid change is WC
wt_mut_WD,Physicochemical feature,Amino acid change is WD
wt_mut_WE,Physicochemical feature,Amino acid change is WE
wt_mut_WF,Physicochemical feature,Amino acid change is WF
wt_mut_WG,Physicochemical feature,Amino acid change is WG
wt_mut_WH,Physicochemical feature,Amino acid change is WH
wt_mut_WI,Physicochemical feature,Amino acid change is WI
wt_mut_WK,Physicochemical feature,Amino acid change is WK
wt_mut_WL,Physicochemical feature,Amino acid change is WL
wt_mut_WM,Physicochemical feature,Amino acid change is WM
wt_mut_WN,Physicochemical feature,Amino acid change is WN
wt_mut_WP,Physicochemical feature,Amino acid change is WP
wt_mut_WQ,Physicochemical feature,Amino acid change is WQ
wt_mut_WR,Physicochemical feature,Amino acid change is WR
wt_mut_WS,Physicochemical feature,Amino acid change is WS
wt_mut_WT,Physicochemical feature,Amino acid change is WT
wt_mut_WV,Physicochemical feature,Amino acid change is WV
wt_mut_WY,Physicochemical feature,Amino acid change is WY
wt_mut_YA,Physicochemical feature,Amino acid change is YA
wt_mut_YC,Physicochemical feature,Amino acid change is YC
wt_mut_YD,Physicochemical feature,Amino acid change is YD
wt_mut_YE,Physicochemical feature,Amino acid change is YE
wt_mut_YF,Physicochemical feature,Amino acid change is YF
wt_mut_YG,Physicochemical feature,Amino acid change is YG
wt_mut_YH,Physicochemical feature,Amino acid change is YH
wt_mut_YI,Physicochemical feature,Amino acid change is YI
wt_mut_YK,Physicochemical feature,Amino acid change is YK
wt_mut_YL,Physicochemical feature,Amino acid change is YL
wt_mut_YM,Physicochemical feature,Amino acid change is YM
wt_mut_YN,Physicochemical feature,Amino acid change is YN
wt_mut_YP,Physicochemical feature,Amino acid change is YP
wt_mut_YQ,Physicochemical feature,Amino acid change is YQ
wt_mut_YR,Physicochemical feature,Amino acid change is YR
wt_mut_YS,Physicochemical feature,Amino acid change is YS
wt_mut_YT,Physicochemical feature,Amino acid change is YT
wt_mut_YV,Physicochemical feature,Amino acid change is YV
wt_mut_YW,Physicochemical feature,Amino acid change is YW
aa1_polarity_Hydrophobic,Physicochemical feature,WT Polarity is Hydrophobic
aa1_polarity_Polar,Physicochemical feature,WT Polarity is Polar
aa1_polarity_PositiveCharge,Physicochemical feature,WT Polarity is PositiveCharge
aa1_polarity_Special,Physicochemical feature,WT Polarity is Special
aa1_polarity_negativeCharge,Physicochemical feature,WT Polarity is negativeCharge
aa2_polarity_Hydrophobic,Physicochemical feature,MT Polarity is Hydrophobic
aa2_polarity_Polar,Physicochemical feature,MT Polarity is Polar
aa2_polarity_PositiveCharge,Physicochemical feature,MT Polarity is PositiveCharge
aa2_polarity_Special,Physicochemical feature,MT Polarity is Special
aa2_polarity_negativeCharge,Physicochemical feature,MT Polarity is negativeCharge
dssp_sec_str_.,Structural feature,Secondary structure is .
dssp_sec_str_B,Structural feature,Secondary structure is B
dssp_sec_str_E,Structural feature,Secondary structure is E
dssp_sec_str_G,Structural feature,Secondary structure is G
dssp_sec_str_H,Structural feature,Secondary structure is H
dssp_sec_str_I,Structural feature,Secondary structure is I
dssp_sec_str_S,Structural feature,Secondary structure is S
dssp_sec_str_T,Structural feature,Secondary structure is T
phi_psi_reg_.,Structural feature,Phi-psi angle region is .
phi_psi_reg_?,Structural feature,Phi-psi angle region is ?
phi_psi_reg_A,Structural feature,Phi-psi angle region is A
phi_psi_reg_B,Structural feature,Phi-psi angle region is B
phi_psi_reg_L,Structural feature,Phi-psi angle region is L
phi_psi_reg_P,Structural feature,Phi-psi angle region is P
phi_psi_reg_a,Structural feature,Phi-psi angle region is a
phi_psi_reg_b,Structural feature,Phi-psi angle region is b
phi_psi_reg_g,Structural feature,Phi-psi angle region is g
phi_psi_reg_l,Structural feature,Phi-psi angle region is l
phi_psi_reg_p,Structural feature,Phi-psi angle region is p
